{
  "generatedAt": "2026-04-10T19:36:20.277Z",
  "environment": {
    "runner": "github-actions/Linux/X64",
    "bun": "1.3.9",
    "arch": "x64"
  },
  "scenarios": {
    "fast-path": {
      "p50": 19.21622599999995,
      "p90": 19.930859999999996,
      "mean": 19.868880549999993,
      "min": 18.82188400000001,
      "max": 26.540752999999995,
      "samples": 20
    },
    "command-dispatch": {
      "p50": 92.77519099999995,
      "p90": 96.98575299999993,
      "mean": 93.92975404999993,
      "min": 92.123787,
      "max": 99.65527099999963,
      "samples": 20
    }
  }
}
