{
  "generatedAt": "2026-04-17T07:30:21.418Z",
  "environment": {
    "runner": "github-actions/Linux/X64",
    "bun": "1.3.9",
    "arch": "x64"
  },
  "scenarios": {
    "fast-path": {
      "p50": 18.827147999999966,
      "p90": 19.930341999999996,
      "mean": 19.75772455,
      "min": 18.257949999999994,
      "max": 30.007653999999988,
      "samples": 20
    },
    "command-dispatch": {
      "p50": 217.1213670000002,
      "p90": 220.5086339999998,
      "mean": 217.56061795000005,
      "min": 212.98121699999956,
      "max": 222.43849999999975,
      "samples": 20
    }
  }
}
