{
  "generatedAt": "2026-04-22T22:22:37.054Z",
  "environment": {
    "runner": "github-actions/Linux/X64",
    "bun": "1.3.9",
    "arch": "x64"
  },
  "scenarios": {
    "fast-path": {
      "p50": 22.17458399999998,
      "p90": 22.432859000000008,
      "mean": 22.172510249999995,
      "min": 21.78878599999996,
      "max": 22.747639000000007,
      "samples": 20
    },
    "command-dispatch": {
      "p50": 299.2952459999997,
      "p90": 309.70507999999995,
      "mean": 300.69945010000004,
      "min": 293.99041899999975,
      "max": 314.63608600000043,
      "samples": 20
    }
  }
}
