{
  "generatedAt": "2026-04-18T10:06:17.394Z",
  "environment": {
    "runner": "github-actions/Linux/X64",
    "bun": "1.3.9",
    "arch": "x64"
  },
  "scenarios": {
    "fast-path": {
      "p50": 19.694998999999996,
      "p90": 20.134052999999994,
      "mean": 19.978175899999997,
      "min": 19.47712,
      "max": 23.308474000000018,
      "samples": 20
    },
    "command-dispatch": {
      "p50": 234.1889970000002,
      "p90": 239.77803200000017,
      "mean": 235.21613350000007,
      "min": 232.40553099999943,
      "max": 241.60344600000008,
      "samples": 20
    }
  }
}
