{
  "generatedAt": "2026-04-21T02:11:36.857Z",
  "environment": {
    "runner": "github-actions/Linux/X64",
    "bun": "1.3.9",
    "arch": "x64"
  },
  "scenarios": {
    "fast-path": {
      "p50": 20.501273999999967,
      "p90": 21.5531,
      "mean": 20.832215650000002,
      "min": 19.554572000000007,
      "max": 25.64284599999999,
      "samples": 20
    },
    "command-dispatch": {
      "p50": 278.00345899999957,
      "p90": 280.5227,
      "mean": 277.7992802,
      "min": 270.7228600000003,
      "max": 291.142691,
      "samples": 20
    }
  }
}
